{
  "A": 8.249953903257847,
  "a": 29.634366356767714,
  "b": 28.170122946612537,
  "deph_p": 0,
  "gamma": 0.5044450527057052,
  "num_anc": 1,
  "s": 2.3302093660458922,
  "t": 1.0470676682889462,
  "tune_init_std": 0.1,
  "tune_lr": 0
}