{
  "A": 9.081808040443637,
  "a": 28.397624826924535,
  "b": 27.114509251708004,
  "deph_p": 0,
  "gamma": 0.45605479489390544,
  "num_anc": 1,
  "s": 2.3451127975644397,
  "t": 0.9829764290212226,
  "tune_init_std": 0.1,
  "tune_lr": 0
}