{
  "A": 8.462470467773414,
  "a": 28.96898518726724,
  "b": 29.23543008540895,
  "deph_p": 0,
  "gamma": 0.5727282439190365,
  "num_anc": 1,
  "s": 2.4997358144815807,
  "t": 1.2022004558978387,
  "tune_init_std": 0.1,
  "tune_lr": 0
}