{
  "A": 3.770386418327689,
  "a": 3.1934965113177896,
  "b": 22.320628120563924,
  "deph_p": 1,
  "gamma": 0.5044638514518738,
  "num_anc": 1,
  "s": 1.1198421427980065,
  "t": 0.15652932599186897,
  "tune_init_std": 0.1,
  "tune_lr": 0
}