{
  "A": 7.634920682998399,
  "a": 50.0,
  "b": 11.678549976094853,
  "deph_p": 1,
  "gamma": 0.7920676646194952,
  "num_anc": 1,
  "s": 2.046181822726983,
  "t": 0.0,
  "tune_init_std": 0.1,
  "tune_lr": 0
}