{
  "A": 5.533769107329969,
  "a": 13.044057477052426,
  "b": 7.93907028177914,
  "deph_p": 0,
  "gamma": 0.26915423138170724,
  "num_anc": 1,
  "s": 4.903134295310457,
  "t": 1.781006399180386,
  "tune_init_std": 0.1,
  "tune_lr": 0
}