{
  "A": 10.0,
  "a": 1.0,
  "b": 1.0,
  "deph_p": 1,
  "gamma": 0.1396345162697252,
  "num_anc": 1,
  "s": 1.1799442499425863,
  "t": 0.14037734450624645,
  "tune_init_std": 0.1,
  "tune_lr": 0
}