{
  "A": 4.1772716250270605,
  "a": 28.790784740820527,
  "b": 34.98520481865853,
  "deph_p": 1,
  "gamma": 0.0596515079960227,
  "num_anc": 1,
  "s": 2.4837984330952168,
  "t": 2.1638016756623983,
  "tune_init_std": 0.1,
  "tune_lr": 0
}