{
  "A": 1,
  "a": 39,
  "b": 33,
  "deph_p": 0,
  "gamma": 0.8180147659224931,
  "num_anc": 0,
  "s": 1.1396758127097084,
  "t": 1.281323365878769,
  "tune_init_std": 1,
  "tune_lr": 0
}