{
  "A": 4,
  "a": 44,
  "b": 44,
  "deph_p": 0,
  "gamma": 0.8074401551640625,
  "num_anc": 0,
  "s": 4.462794992449889,
  "t": 1.6180267257469523,
  "tune_init_std": 1,
  "tune_lr": 0
}