{
  "A": 9.28378116692751,
  "a": 31.203899835558406,
  "b": 30.057165402012924,
  "deph_p": 0,
  "gamma": 0.6201955993263416,
  "num_anc": 1,
  "s": 2.503389544429591,
  "t": 1.5417515585148862,
  "tune_init_std": 0.1,
  "tune_lr": 0
}