{
  "A": 7.385712438262999,
  "a": 11.092856357805431,
  "b": 45.99689463339746,
  "deph_p": 0,
  "gamma": 0.8557074274867773,
  "num_anc": 0,
  "s": 3.72844064142555,
  "t": 1.0586484214290977,
  "tune_init_std": 1,
  "tune_lr": 0
}