{
  "A": 9.121586473695443,
  "a": 12.059103758067577,
  "b": 24.862569114545597,
  "deph_p": 0,
  "gamma": 0.5141594680530115,
  "num_anc": 1,
  "s": 2.5757070007506186,
  "t": 0.9599448458454156,
  "tune_init_std": 0.1,
  "tune_lr": 0
}