{
  "A": 7.389312011606807,
  "a": 31.86319735436166,
  "b": 30.328870417630547,
  "deph_p": 0,
  "gamma": 0.7164678822854031,
  "num_anc": 1,
  "s": 2.567216895701706,
  "t": 1.2352223106946152,
  "tune_init_std": 0.1,
  "tune_lr": 0
}