{
  "A": 5.331790053669112,
  "a": 33.17937496690384,
  "b": 7.372944800742126,
  "deph_p": 1,
  "gamma": 0.5478450016109544,
  "num_anc": 1,
  "s": 3.988687291895361,
  "t": 0.10399326875238928,
  "tune_init_std": 0.1,
  "tune_lr": 0
}