{
  "A": 7.941084467805922,
  "a": 32.54332444630563,
  "b": 16.626574981957674,
  "deph_p": 0,
  "gamma": 0.9441009601578116,
  "num_anc": 1,
  "s": 1.2507627252489328,
  "t": 0.5546108270063996,
  "tune_init_std": 0.1,
  "tune_lr": 0
}