{
  "A": 5.2090293934598835,
  "a": 17.7950738788828,
  "b": 47.167359023491706,
  "deph_p": 0,
  "gamma": 0.5326749473596661,
  "num_anc": 0,
  "s": 3.6236242216631704,
  "t": 1.020580333287824,
  "tune_init_std": 1,
  "tune_lr": 0
}