{
  "A": 3,
  "a": 19,
  "b": 4,
  "deph_p": 0,
  "gamma": 0.994550510797341,
  "num_anc": 0,
  "s": 3.842770071531545,
  "t": 0.13081131526330125,
  "tune_init_std": 1,
  "tune_lr": 0
}