{
  "A": 2.082629957231319,
  "a": 12.78571219091522,
  "b": 26.8923499269998,
  "deph_p": 0,
  "gamma": 0.34290347703715907,
  "num_anc": 0,
  "s": 2.9927815658203976,
  "t": 1.6468966305989552,
  "tune_init_std": 1,
  "tune_lr": 0
}