{
  "A": 4.100667743943632,
  "a": 5.532821920700371,
  "b": 5.384294910356402,
  "deph_p": 0,
  "gamma": 0.6491827797144651,
  "num_anc": 1,
  "s": 1.4405215391889215,
  "t": 2.9438179582357407,
  "tune_init_std": 0.1,
  "tune_lr": 0
}