{
  "A": 10.0,
  "a": 10.487622110293362,
  "b": 1.0,
  "deph_p": 1,
  "gamma": 0.29645802406562466,
  "num_anc": 1,
  "s": 1.1457993835062306,
  "t": 0.31249760372935886,
  "tune_init_std": 0.1,
  "tune_lr": 0
}