{
  "A": 6.030124803242918,
  "a": 14.99519294023466,
  "b": 47.66001735507107,
  "deph_p": 0,
  "gamma": 0.6931359402937596,
  "num_anc": 0,
  "s": 3.1518871301443867,
  "t": 0.4286451494508843,
  "tune_init_std": 1,
  "tune_lr": 0
}