{
  "A": 2,
  "a": 12,
  "b": 39,
  "deph_p": 0,
  "gamma": 0.9977404850489419,
  "num_anc": 0,
  "s": 3.56135294962221,
  "t": 0.4442607898601997,
  "tune_init_std": 1,
  "tune_lr": 0
}