{
  "A": 6.9761899914592505,
  "a": 10.598727468401194,
  "b": 1.3743414478376508,
  "deph_p": 1,
  "gamma": 0.8900692434981465,
  "num_anc": 0,
  "s": 0.352068948559463,
  "t": 2.6147874696180224,
  "tune_init_std": 0.1,
  "tune_lr": 0
}