{
  "A": 5.67480840141171,
  "a": 22.529948635546347,
  "b": 16.929422666067374,
  "deph_p": 1,
  "gamma": 0.619948082173239,
  "num_anc": 0,
  "s": 2.1667318656602745,
  "t": 1.075842532137707,
  "tune_init_std": 0.1,
  "tune_lr": 0
}