{
  "A": 1.2107208278030157,
  "a": 4.7353455144912004,
  "b": 7.412355939857662,
  "deph_p": 1,
  "gamma": 0.8433373467996716,
  "num_anc": 0,
  "s": 0.9662921354174614,
  "t": 0.2569947950541973,
  "tune_init_std": 0.1,
  "tune_lr": 0
}