{
  "A": 3.6979465915466987,
  "a": 35.44604966589194,
  "b": 21.95540880218608,
  "deph_p": 1,
  "gamma": 0.9354532623526443,
  "num_anc": 0,
  "s": 2.152795543571032,
  "t": 3.0,
  "tune_init_std": 0.1,
  "tune_lr": 0
}