{
  "A": 1,
  "a": 49,
  "b": 2,
  "deph_p": 0,
  "gamma": 0.9004180571633305,
  "num_anc": 0,
  "s": 0.46551383902949606,
  "t": 2.69164727385998,
  "tune_init_std": 1,
  "tune_lr": 0
}