{
  "A": 6.484849067356428,
  "a": 15.102257842167132,
  "b": 7.619209082293117,
  "deph_p": 1,
  "gamma": 0.8778956561033223,
  "num_anc": 0,
  "s": 1.682010342532668,
  "t": 1.335516262940084,
  "tune_init_std": 0.1,
  "tune_lr": 0
}