{
  "A": 10.0,
  "a": 1.0,
  "b": 1.0,
  "deph_p": 1,
  "gamma": 0.2443338856779845,
  "num_anc": 1,
  "s": 0.9647759191520343,
  "t": 0.6883362786620923,
  "tune_init_std": 0.1,
  "tune_lr": 0
}