{
  "A": 1.6333608105778694,
  "a": 22.98517124913633,
  "b": 12.61783216521144,
  "deph_p": 1,
  "gamma": 0.7627200419083238,
  "num_anc": 1,
  "s": 0.993170440196991,
  "t": 0.6137224696576595,
  "tune_init_std": 0.1,
  "tune_lr": 0
}