{
  "A": 6.36230107216616,
  "a": 20.469318665962255,
  "b": 12.247802908735308,
  "deph_p": 1,
  "gamma": 0.8349424600641108,
  "num_anc": 0,
  "s": 1.6299544620150355,
  "t": 0.9047103312494892,
  "tune_init_std": 0.1,
  "tune_lr": 0
}