{
  "A": 6.528484178707004,
  "a": 28.725321155041456,
  "b": 5.292038582265377,
  "deph_p": 1,
  "gamma": 0.6263964055106044,
  "num_anc": 0,
  "s": 1.3625392643734813,
  "t": 2.7192884869873524,
  "tune_init_std": 0.1,
  "tune_lr": 0
}