{
  "A": 8.386333360858771,
  "a": 23.58670525287973,
  "b": 14.269624153439329,
  "deph_p": 1,
  "gamma": 0.6765523862292526,
  "num_anc": 0,
  "s": 2.784600820111913,
  "t": 1.278643170908798,
  "tune_init_std": 0.1,
  "tune_lr": 0
}