{
  "checkpoints": [
    "{\n  \"trainable_name\": \"UniTTN\",\n  \"trial_id\": \"01140_00000\",\n  \"config\": {\n    \"num_anc\": 4,\n    \"deph_p\": 0,\n    \"tune_lr\": 0.005,\n    \"tune_init_std\": 0.01,\n    \"a\": 39,\n    \"b\": 29,\n    \"A\": 8,\n    \"s\": 2.993292420985183,\n    \"t\": 0.46805592132730955,\n    \"gamma\": 0.15599452033620265\n  },\n  \"local_dir\": \"/home/haoranliao/dephased_ttn_project/uni_ttn/ray_results/angle_spsa/anc4_deph0\",\n  \"evaluated_params\": {\n    \"a\": 39,\n    \"b\": 29,\n    \"A\": 8,\n    \"s\": 2.993292420985183,\n    \"t\": 0.46805592132730955,\n    \"gamma\": 0.15599452033620265\n  },\n  \"experiment_tag\": \"0_A=8,a=39,b=29,gamma=0.15599,s=2.9933,t=0.46806\",\n  \"location\": {\n    \"_type\": \"CLOUDPICKLE_FALLBACK\",\n    \"value\": \"8005953a000000000000008c0e7261792e74756e652e747269616c948c084c6f636174696f6e9493942981947d94288c08686f73746e616d65944e8c03706964944e75622e\"\n  },\n  \"resources\": {\n    \"cpu\": 12,\n    \"gpu\": 1,\n    \"memory\": 0,\n    \"object_store_memory\": 0,\n    \"extra_cpu\": 0,\n    \"extra_gpu\": 0,\n    \"extra_memory\": 0,\n    \"extra_object_store_memory\": 0,\n    \"custom_resources\": {},\n    \"extra_custom_resources\": {}\n  },\n  \"placement_group_factory\": {\n    \"_type\": \"CLOUDPICKLE_FALLBACK\",\n    \"value\": \"800595b2000000000000008c1f7261792e74756e652e7574696c732e706c6163656d656e745f67726f757073948c15506c6163656d656e7447726f7570466163746f72799493942981947d94288c085f62756e646c6573945d947d94288c03435055944b0c8c03475055944b018c066d656d6f7279944b008c136f626a6563745f73746f72655f6d656d6f7279944b0075618c095f7374726174656779948c045041434b948c055f6172677394298c075f6b7761726773947d9475622e\"\n  },\n  \"stopping_criterion\": {\n    \"training_iteration\": 100\n  },\n  \"log_to_file\": [\n    \"stdout\",\n    \"stderr\"\n  ],\n  \"max_failures\": 0,\n  \"last_result\": {},\n  \"last_update_time\": -Infinity,\n  \"metric_analysis\": {},\n  \"n_steps\": [\n    5,\n    10\n  ],\n  \"metric_n_steps\": {},\n  \"export_formats\": [],\n  \"status\": \"PENDING\",\n  \"start_time\": null,\n  \"logdir\": \"/home/haoranliao/dephased_ttn_project/uni_ttn/ray_results/angle_spsa/anc4_deph0/UniTTN_01140_00000_0_A=8,a=39,b=29,gamma=0.15599,s=2.9933,t=0.46806_2022-04-05_19-49-17\",\n  \"runner\": null,\n  \"last_debug\": 0,\n  \"error_file\": null,\n  \"error_msg\": null,\n  \"trial_name_creator\": null,\n  \"custom_trial_name\": null,\n  \"custom_dirname\": null,\n  \"saving_to\": null,\n  \"remote_checkpoint_dir_prefix\": null,\n  \"checkpoint_freq\": 0,\n  \"checkpoint_at_end\": false,\n  \"keep_checkpoints_num\": null,\n  \"checkpoint_score_attr\": \"training_iteration\",\n  \"sync_on_checkpoint\": true,\n  \"checkpoint_manager\": {\n    \"_type\": \"CLOUDPICKLE_FALLBACK\",\n    \"value\": \"80059566010000000000008c1b7261792e74756e652e636865636b706f696e745f6d616e61676572948c11436865636b706f696e744d616e616765729493942981947d94288c146b6565705f636865636b706f696e74735f6e756d94477ff00000000000008c165f636865636b706f696e745f73636f72655f6465736394898c165f636865636b706f696e745f73636f72655f61747472948c12747261696e696e675f697465726174696f6e948c1c6e65776573745f70657273697374656e745f636865636b706f696e749468008c0a436865636b706f696e749493942981947d94288c0773746f72616765948c0a70657273697374656e74948c0576616c7565944e8c06726573756c74947d9475628c195f6e65776573745f6d656d6f72795f636865636b706f696e7494680b2981947d9428680e8c066d656d6f72799468104e68117d9475628c115f626573745f636865636b706f696e7473945d948c0b5f6d656d62657273686970948f9475622e\"\n  },\n  \"restore_path\": null,\n  \"restoring_from\": null,\n  \"num_failures\": 0,\n  \"results\": \"80054e2e\",\n  \"best_result\": \"80054e2e\",\n  \"param_config\": \"80054e2e\",\n  \"extra_arg\": \"80054e2e\",\n  \"_state_json\": null,\n  \"_state_valid\": false\n}"
  ],
  "runner_data": {
    "_max_pending_trials": 17,
    "_metric": "test_accuracy",
    "_total_time": 0,
    "_iteration": 0,
    "_has_errored": false,
    "_fail_fast": false,
    "_server_port": null,
    "_cached_trial_decisions": {},
    "_queued_trial_decisions": {},
    "_updated_queue": true,
    "_should_stop_experiment": false,
    "_local_checkpoint_dir": "/home/haoranliao/dephased_ttn_project/uni_ttn/ray_results/angle_spsa/anc4_deph0",
    "_remote_checkpoint_dir": null,
    "_stopper": {
      "_type": "CLOUDPICKLE_FALLBACK",
      "value": "80059527000000000000008c107261792e74756e652e73746f70706572948c0b4e6f6f7053746f707065729493942981942e"
    },
    "_resumed": false,
    "_start_time": 1649202557.2267616,
    "_last_checkpoint_time": -Infinity,
    "_session_str": "2022-04-05_19-49-17",
    "checkpoint_file": "/home/haoranliao/dephased_ttn_project/uni_ttn/ray_results/angle_spsa/anc4_deph0/experiment_state-2022-04-05_19-49-17.json",
    "_checkpoint_period": "auto",
    "launch_web_server": false
  },
  "stats": {
    "start_time": 1649202557.2267616,
    "timestamp": 0.0
  }
}