{
  "A": 7.310778682652455,
  "a": 22.570967802620995,
  "b": 28.84370308589924,
  "deph_p": 0,
  "gamma": 0.4514586172518946,
  "num_anc": 1,
  "s": 2.5157083651366525,
  "t": 1.4112854997674207,
  "tune_init_std": 0.1,
  "tune_lr": 0
}