{
  "A": 3,
  "a": 8,
  "b": 7,
  "deph_p": 0,
  "gamma": 0.09367476782809248,
  "num_anc": 0,
  "s": 3.2880644615017167,
  "t": 1.7049258100064149,
  "tune_init_std": 1,
  "tune_lr": 0
}