{
  "A": 8.929128733952131,
  "a": 26.228470551474445,
  "b": 30.755041602495343,
  "deph_p": 0,
  "gamma": 0.6923608355289413,
  "num_anc": 1,
  "s": 2.4512528470640236,
  "t": 1.1378511505586602,
  "tune_init_std": 0.1,
  "tune_lr": 0
}