{
  "A": 7.963572543941982,
  "a": 22.02991516145167,
  "b": 16.279612804871533,
  "deph_p": 1,
  "gamma": 0.46145585815824913,
  "num_anc": 0,
  "s": 2.7225343748926396,
  "t": 1.3011108712594057,
  "tune_init_std": 0.1,
  "tune_lr": 0
}