{
  "A": 4.367026194930077,
  "a": 37.8579343482852,
  "b": 16.180612535215914,
  "deph_p": 0,
  "gamma": 0.32971138041466475,
  "num_anc": 0,
  "s": 4.898333470337093,
  "t": 0.19586680177599192,
  "tune_init_std": 1,
  "tune_lr": 0
}