{
  "A": 1.5893036098442135,
  "a": 9.659997962893325,
  "b": 25.35564267967053,
  "deph_p": 0,
  "gamma": 0.3193640883514257,
  "num_anc": 0,
  "s": 2.408751506882647,
  "t": 1.7849680884366297,
  "tune_init_std": 1,
  "tune_lr": 0
}