{
  "A": 3.941527601713677,
  "a": 9.113470773854186,
  "b": 12.317209899459087,
  "deph_p": 1,
  "gamma": 0.7406260255870016,
  "num_anc": 0,
  "s": 3.0080668423431467,
  "t": 1.7488247499778007,
  "tune_init_std": 0.1,
  "tune_lr": 0
}