{
  "A": 1,
  "a": 29,
  "b": 15,
  "deph_p": 0,
  "gamma": 0.3948815181755697,
  "num_anc": 0,
  "s": 0.07818203370596966,
  "t": 1.270204442119109,
  "tune_init_std": 1,
  "tune_lr": 0
}