{
  "A": 10.0,
  "a": 1.0,
  "b": 1.0,
  "deph_p": 1,
  "gamma": 0.2899003259971494,
  "num_anc": 1,
  "s": 0.4094064559773766,
  "t": 0.24303782780993588,
  "tune_init_std": 0.1,
  "tune_lr": 0
}