{
  "A": 9.487241195968467,
  "a": 25.090479349187703,
  "b": 25.81163676388417,
  "deph_p": 0,
  "gamma": 0.5558316653093165,
  "num_anc": 1,
  "s": 2.4931555291513794,
  "t": 1.1915516371750048,
  "tune_init_std": 0.1,
  "tune_lr": 0
}