{
  "A": 10.0,
  "a": 7.305489824452312,
  "b": 1.0,
  "deph_p": 1,
  "gamma": 0.24864954059495833,
  "num_anc": 1,
  "s": 1.4724719604608352,
  "t": 0.4978178556015458,
  "tune_init_std": 0.1,
  "tune_lr": 0
}