{
  "A": 1.7484309300780296,
  "a": 46.47649536281824,
  "b": 14.700487619265914,
  "deph_p": 1,
  "gamma": 0.8072961010038853,
  "num_anc": 1,
  "s": 4.6871981816366315,
  "t": 1.7611225973814726,
  "tune_init_std": 0.1,
  "tune_lr": 0
}