{
  "A": 7.289402374117208,
  "a": 25.814166002365095,
  "b": 22.921363793490364,
  "deph_p": 1,
  "gamma": 0.5518336479876346,
  "num_anc": 0,
  "s": 2.1966434954676286,
  "t": 1.4335613128705633,
  "tune_init_std": 0.1,
  "tune_lr": 0
}