{
  "A": 3.4900538265406764,
  "a": 6.451590869325704,
  "b": 19.40541953127628,
  "deph_p": 0,
  "gamma": 0.5771104415646371,
  "num_anc": 0,
  "s": 2.3348091452218322,
  "t": 1.586577933266598,
  "tune_init_std": 1,
  "tune_lr": 0
}