{
  "A": 8.310923129084436,
  "a": 30.12031026698211,
  "b": 33.04235437981559,
  "deph_p": 0,
  "gamma": 0.4365591723753272,
  "num_anc": 1,
  "s": 2.431481603529079,
  "t": 0.9060509702091232,
  "tune_init_std": 0.1,
  "tune_lr": 0
}