{
  "A": 8,
  "a": 11,
  "b": 17,
  "deph_p": 0,
  "gamma": 0.07404465173409036,
  "num_anc": 0,
  "s": 3.6450358402049368,
  "t": 2.3138110400578373,
  "tune_init_std": 1,
  "tune_lr": 0
}