{
  "A": 3,
  "a": 27,
  "b": 42,
  "deph_p": 0,
  "gamma": 0.4667628932479799,
  "num_anc": 0,
  "s": 1.9123099563358137,
  "t": 2.9496926574203646,
  "tune_init_std": 1,
  "tune_lr": 0
}