{
  "A": 7.356221429083552,
  "a": 48.04817914109765,
  "b": 1.0,
  "deph_p": 0,
  "gamma": 0.45988887405077505,
  "num_anc": 0,
  "s": 2.6763653959370792,
  "t": 1.7673156582775134,
  "tune_init_std": 1,
  "tune_lr": 0
}