{
  "A": 1.6514921244233847,
  "a": 9.361887499690056,
  "b": 32.619176430627704,
  "deph_p": 0,
  "gamma": 0.9927118057385087,
  "num_anc": 1,
  "s": 2.8524099895730615,
  "t": 2.71949284337461,
  "tune_init_std": 0.1,
  "tune_lr": 0
}