{
  "A": 6.425851423806987,
  "a": 21.05862035795663,
  "b": 8.794370562678012,
  "deph_p": 1,
  "gamma": 0.501727719810305,
  "num_anc": 0,
  "s": 2.434709611438487,
  "t": 1.601236349654902,
  "tune_init_std": 0.1,
  "tune_lr": 0
}