{
  "A": 3,
  "a": 46,
  "b": 6,
  "deph_p": 0,
  "gamma": 0.3307503046705137,
  "num_anc": 0,
  "s": 3.7385938694870697,
  "t": 2.8592155410718596,
  "tune_init_std": 1,
  "tune_lr": 0
}