{
  "A": 6.71622608602047,
  "a": 3.0751755898818374,
  "b": 38.33733026869595,
  "deph_p": 0,
  "gamma": 0.45149360597133636,
  "num_anc": 1,
  "s": 0.8065441343933344,
  "t": 1.8209034958854318,
  "tune_init_std": 0.1,
  "tune_lr": 0
}