{
  "A": 1.233525291031947,
  "a": 44.84061391201446,
  "b": 2.2763943506269344,
  "deph_p": 1,
  "gamma": 0.13205792134981803,
  "num_anc": 1,
  "s": 3.2405343252408922,
  "t": 1.5966506722525526,
  "tune_init_std": 0.1,
  "tune_lr": 0
}