{
  "A": 4.468715921975672,
  "a": 12.425929134711623,
  "b": 43.70947009976953,
  "deph_p": 0,
  "gamma": 0.970508299767971,
  "num_anc": 0,
  "s": 0.3594972752034664,
  "t": 0.49495335202664137,
  "tune_init_std": 1,
  "tune_lr": 0
}