{
  "A": 5.692527890205383,
  "a": 11.820027872920036,
  "b": 4.7699486538767815,
  "deph_p": 0,
  "gamma": 0.12641750276088715,
  "num_anc": 1,
  "s": 4.616954028606415,
  "t": 1.7680188417434692,
  "tune_init_std": 0.1,
  "tune_lr": 0
}