{
  "A": 7.995301226958776,
  "a": 31.153085878532348,
  "b": 11.89434916290266,
  "deph_p": 0,
  "gamma": 0.9244587751280762,
  "num_anc": 1,
  "s": 1.5672601216186666,
  "t": 0.7842178586169218,
  "tune_init_std": 0.1,
  "tune_lr": 0
}