{
  "A": 1.3128649545833468,
  "a": 37.21058253571391,
  "b": 16.832105660811067,
  "deph_p": 0,
  "gamma": 0.6612544627860188,
  "num_anc": 0,
  "s": 0.012411540374159813,
  "t": 0.274923887103796,
  "tune_init_std": 1,
  "tune_lr": 0
}