{
  "A": 8.609879698604345,
  "a": 11.662173747085035,
  "b": 9.20702948141843,
  "deph_p": 1,
  "gamma": 0.19536038674414158,
  "num_anc": 0,
  "s": 3.430799120105803,
  "t": 2.6336248721927404,
  "tune_init_std": 0.1,
  "tune_lr": 0
}