{
  "A": 7.031300193605119,
  "a": 50.0,
  "b": 1.0,
  "deph_p": 0,
  "gamma": 0.7250046931919957,
  "num_anc": 0,
  "s": 2.875826911597226,
  "t": 1.4314937218435553,
  "tune_init_std": 1,
  "tune_lr": 0
}