{
  "A": 8.541229380586728,
  "a": 29.612214092262807,
  "b": 27.24146365089661,
  "deph_p": 0,
  "gamma": 0.6516887754220715,
  "num_anc": 1,
  "s": 2.4979533650642933,
  "t": 0.8791400296249567,
  "tune_init_std": 0.1,
  "tune_lr": 0
}