{
  "A": 8.124883195395942,
  "a": 25.300903241766424,
  "b": 10.029349738335183,
  "deph_p": 1,
  "gamma": 0.5009167449445947,
  "num_anc": 0,
  "s": 2.392877665371399,
  "t": 1.393428540351,
  "tune_init_std": 0.1,
  "tune_lr": 0
}