{
  "A": 9.33273645402905,
  "a": 29.62633611619154,
  "b": 27.720964697982414,
  "deph_p": 0,
  "gamma": 0.6367067364073917,
  "num_anc": 1,
  "s": 2.4978030505942965,
  "t": 1.0547083198545533,
  "tune_init_std": 0.1,
  "tune_lr": 0
}