{
  "A": 10.0,
  "a": 1.0,
  "b": 1.0,
  "deph_p": 1,
  "gamma": 0.39771346052586576,
  "num_anc": 1,
  "s": 0.6971752952332209,
  "t": 0.0,
  "tune_init_std": 0.1,
  "tune_lr": 0
}