{
  "A": 7.169627237269537,
  "a": 12.577288852433355,
  "b": 7.125635091206491,
  "deph_p": 1,
  "gamma": 0.781568194734732,
  "num_anc": 0,
  "s": 1.6326384523767923,
  "t": 0.858786375710589,
  "tune_init_std": 0.1,
  "tune_lr": 0
}