{
  "A": 7,
  "a": 41,
  "b": 28,
  "deph_p": 0,
  "gamma": 0.09541011649041131,
  "num_anc": 0,
  "s": 4.250192888948996,
  "t": 1.3483520224146102,
  "tune_init_std": 1,
  "tune_lr": 0
}