{
  "A": 1.9678952452371994,
  "a": 17.25124492707078,
  "b": 16.32639733698805,
  "deph_p": 1,
  "gamma": 0.6218739205476373,
  "num_anc": 0,
  "s": 3.0607811608970676,
  "t": 1.0469935810956204,
  "tune_init_std": 0.1,
  "tune_lr": 0
}