{
  "A": 8.712632823541536,
  "a": 26.12687078017019,
  "b": 28.70780507039463,
  "deph_p": 0,
  "gamma": 0.541396802778211,
  "num_anc": 1,
  "s": 2.52181731358786,
  "t": 1.5202134969443755,
  "tune_init_std": 0.1,
  "tune_lr": 0
}