{
  "A": 8.40912568062973,
  "a": 26.156674153005724,
  "b": 27.54666794646718,
  "deph_p": 0,
  "gamma": 0.6858974114214397,
  "num_anc": 1,
  "s": 2.4031863080670828,
  "t": 1.1852713828366577,
  "tune_init_std": 0.1,
  "tune_lr": 0
}