{
  "A": 7.369205664581829,
  "a": 31.82466561849086,
  "b": 26.991805557824932,
  "deph_p": 0,
  "gamma": 0.5250674466888339,
  "num_anc": 1,
  "s": 2.3783585351694576,
  "t": 0.9739467548253183,
  "tune_init_std": 0.1,
  "tune_lr": 0
}