{
  "A": 4.974140145603892,
  "a": 39.94840960391066,
  "b": 8.38918586370443,
  "deph_p": 1,
  "gamma": 0.43043969508951446,
  "num_anc": 1,
  "s": 3.4349576559236246,
  "t": 0.9064580866580946,
  "tune_init_std": 0.1,
  "tune_lr": 0
}