{
  "A": 1.2240395049772588,
  "a": 11.711304942722386,
  "b": 23.607977372106,
  "deph_p": 0,
  "gamma": 0.45515335426767006,
  "num_anc": 0,
  "s": 2.753522009386317,
  "t": 1.5459556868379265,
  "tune_init_std": 1,
  "tune_lr": 0
}