{
  "A": 1.1200357861448695,
  "a": 32.11350811628732,
  "b": 45.67317295514286,
  "deph_p": 1,
  "gamma": 0.0,
  "num_anc": 1,
  "s": 5.0,
  "t": 0.0,
  "tune_init_std": 0.1,
  "tune_lr": 0
}