{
  "A": 8.658095859733713,
  "a": 28.7324022847735,
  "b": 26.224503506769324,
  "deph_p": 0,
  "gamma": 0.5195212638428224,
  "num_anc": 1,
  "s": 2.6967078470318113,
  "t": 0.9907161977098838,
  "tune_init_std": 0.1,
  "tune_lr": 0
}