{
  "A": 4.221532633528113,
  "a": 2.1807306967675686,
  "b": 16.53885393217206,
  "deph_p": 0,
  "gamma": 0.6472432259470224,
  "num_anc": 0,
  "s": 2.2858756966888905,
  "t": 1.26435730420053,
  "tune_init_std": 1,
  "tune_lr": 0
}