{
  "A": 1.0,
  "a": 14.206306419883958,
  "b": 26.33438842614464,
  "deph_p": 0,
  "gamma": 0.3942720565688982,
  "num_anc": 0,
  "s": 3.1529545707111484,
  "t": 1.606894338729561,
  "tune_init_std": 1,
  "tune_lr": 0
}