{
  "A": 8.473432414781872,
  "a": 23.4796339260283,
  "b": 27.345855655365984,
  "deph_p": 0,
  "gamma": 0.48833428285951536,
  "num_anc": 1,
  "s": 2.482043824847679,
  "t": 0.9335803421992409,
  "tune_init_std": 0.1,
  "tune_lr": 0
}