{
  "A": 7,
  "a": 30,
  "b": 37,
  "deph_p": 0,
  "gamma": 0.2030612247347694,
  "num_anc": 0,
  "s": 3.0220868963890863,
  "t": 1.6195232739050194,
  "tune_init_std": 1,
  "tune_lr": 0
}