{
  "A": 8.34228279661395,
  "a": 23.996242800523532,
  "b": 27.843449502517963,
  "deph_p": 1,
  "gamma": 0.018931176070744248,
  "num_anc": 1,
  "s": 0.6559757930496897,
  "t": 0.0,
  "tune_init_std": 0.1,
  "tune_lr": 0
}