{
  "A": 10.0,
  "a": 1.0,
  "b": 1.0,
  "deph_p": 1,
  "gamma": 0.27212911995765865,
  "num_anc": 1,
  "s": 1.7919369367013396,
  "t": 0.5262929348185788,
  "tune_init_std": 0.1,
  "tune_lr": 0
}