{
  "A": 8,
  "a": 39,
  "b": 6,
  "deph_p": 0,
  "gamma": 0.6924360328902703,
  "num_anc": 0,
  "s": 2.6704470968772096,
  "t": 1.4544899140769496,
  "tune_init_std": 1,
  "tune_lr": 0
}