{
  "A": 10.0,
  "a": 1.0,
  "b": 50.0,
  "deph_p": 1,
  "gamma": 0.3709036882497506,
  "num_anc": 1,
  "s": 5.0,
  "t": 2.634236122379235,
  "tune_init_std": 0.1,
  "tune_lr": 0
}