{
  "A": 5.053804042320653,
  "a": 21.66041138296564,
  "b": 8.66119925617651,
  "deph_p": 1,
  "gamma": 0.6744880531733674,
  "num_anc": 0,
  "s": 1.0092816277617265,
  "t": 0.5154835104771182,
  "tune_init_std": 0.1,
  "tune_lr": 0
}