{
  "A": 1.482159374281764,
  "a": 41.68464640341699,
  "b": 45.77124968357384,
  "deph_p": 0,
  "gamma": 0.5647260500118136,
  "num_anc": 0,
  "s": 1.635928126052022,
  "t": 0.8821333330124617,
  "tune_init_std": 1,
  "tune_lr": 0
}