{
  "A": 7.225068350955299,
  "a": 20.02611549363795,
  "b": 16.549820014627464,
  "deph_p": 1,
  "gamma": 0.6112881712055211,
  "num_anc": 0,
  "s": 2.2441255443619146,
  "t": 1.0601058419648473,
  "tune_init_std": 0.1,
  "tune_lr": 0
}