{
  "A": 9.768279387850443,
  "a": 36.51081996231501,
  "b": 13.442600239915992,
  "deph_p": 1,
  "gamma": 0.05797089374926964,
  "num_anc": 1,
  "s": 0.1093740519564658,
  "t": 0.19407431035187994,
  "tune_init_std": 0.1,
  "tune_lr": 0
}