{
  "A": 6.454930765338977,
  "a": 12.764257296466901,
  "b": 14.698019748566871,
  "deph_p": 1,
  "gamma": 0.6246283908403292,
  "num_anc": 0,
  "s": 2.8569296573163783,
  "t": 1.556630249071314,
  "tune_init_std": 0.1,
  "tune_lr": 0
}