{
  "A": 6.757091887295246,
  "a": 31.553994979709387,
  "b": 34.82869185414165,
  "deph_p": 0,
  "gamma": 0.11975018493831158,
  "num_anc": 0,
  "s": 4.7225425112992525,
  "t": 1.0358999697491527,
  "tune_init_std": 1,
  "tune_lr": 0
}