{
  "A": 3,
  "a": 24,
  "b": 37,
  "deph_p": 0,
  "gamma": 0.5612434258477011,
  "num_anc": 0,
  "s": 2.9564889385386355,
  "t": 0.8241653789701925,
  "tune_init_std": 1,
  "tune_lr": 0
}