{
  "A": 8.705481515420958,
  "a": 1.0,
  "b": 1.0,
  "deph_p": 1,
  "gamma": 0.07856467503498925,
  "num_anc": 1,
  "s": 1.2357868032689951,
  "t": 0.3756535940475393,
  "tune_init_std": 0.1,
  "tune_lr": 0
}