{
  "A": 2,
  "a": 7,
  "b": 22,
  "deph_p": 0,
  "gamma": 0.10549425983027061,
  "num_anc": 0,
  "s": 3.1217702406689662,
  "t": 0.886901057513142,
  "tune_init_std": 1,
  "tune_lr": 0
}