{
  "A": 7.640620746161861,
  "a": 38.47942723519843,
  "b": 27.318333305654694,
  "deph_p": 0,
  "gamma": 0.4686313932433482,
  "num_anc": 1,
  "s": 2.6921056296521177,
  "t": 1.2454731090936055,
  "tune_init_std": 0.1,
  "tune_lr": 0
}