{
  "A": 6,
  "a": 33,
  "b": 9,
  "deph_p": 0,
  "gamma": 0.32595890520188475,
  "num_anc": 0,
  "s": 3.479064033954409,
  "t": 2.5750764144411598,
  "tune_init_std": 1,
  "tune_lr": 0
}