{
  "A": 1.0,
  "a": 50.0,
  "b": 50.0,
  "deph_p": 0,
  "gamma": 0.5955360963136097,
  "num_anc": 0,
  "s": 1.2282092737301813,
  "t": 2.4543730030369852,
  "tune_init_std": 1,
  "tune_lr": 0
}