{
  "A": 7.775917015422855,
  "a": 21.479402996129398,
  "b": 14.466327444492862,
  "deph_p": 1,
  "gamma": 0.6794437838835015,
  "num_anc": 0,
  "s": 1.8655219256030697,
  "t": 1.0549513578596788,
  "tune_init_std": 0.1,
  "tune_lr": 0
}