{
  "A": 9.99661881569773,
  "a": 39.931908601894975,
  "b": 26.00938332732767,
  "deph_p": 0,
  "gamma": 0.3845531102269888,
  "num_anc": 0,
  "s": 0.4167605936527252,
  "t": 2.078436193987727,
  "tune_init_std": 1,
  "tune_lr": 0
}