{
  "A": 2.5813483595848083,
  "a": 35.80041974782944,
  "b": 49.539703249931335,
  "deph_p": 1,
  "gamma": 0.22608667612075806,
  "num_anc": 0,
  "s": 3.616584539413452,
  "t": 2.9437286853790283,
  "tune_init_std": 0.1,
  "tune_lr": 0
}