{
  "A": 4.148439127020538,
  "a": 20.88575965259224,
  "b": 17.11514769680798,
  "deph_p": 0,
  "gamma": 0.28898925334215164,
  "num_anc": 0,
  "s": 2.6122090453282,
  "t": 2.0047393161803484,
  "tune_init_std": 1,
  "tune_lr": 0
}