{
  "A": 6.16134605742991,
  "a": 22.773306550458074,
  "b": 43.90895256958902,
  "deph_p": 0,
  "gamma": 0.5253792498260736,
  "num_anc": 1,
  "s": 1.8125221459195018,
  "t": 2.5374002382159233,
  "tune_init_std": 0.1,
  "tune_lr": 0
}