{
  "A": 3,
  "a": 9,
  "b": 15,
  "deph_p": 0,
  "gamma": 0.3143559810763267,
  "num_anc": 0,
  "s": 0.15714592843367126,
  "t": 1.909231233791341,
  "tune_init_std": 1,
  "tune_lr": 0
}