{
  "A": 8.586931125487473,
  "a": 1.0,
  "b": 1.0,
  "deph_p": 1,
  "gamma": 0.26481304596163624,
  "num_anc": 1,
  "s": 0.7577281356458239,
  "t": 0.1952898399718433,
  "tune_init_std": 0.1,
  "tune_lr": 0
}