{
  "A": 1.5520399157740914,
  "a": 14.487985004500512,
  "b": 31.53597564482321,
  "deph_p": 0,
  "gamma": 0.2503597032052587,
  "num_anc": 0,
  "s": 3.6286179438799677,
  "t": 1.5134024395773553,
  "tune_init_std": 1,
  "tune_lr": 0
}