{
  "A": 7.030952501038138,
  "a": 7.87088669300568,
  "b": 1.0,
  "deph_p": 1,
  "gamma": 0.6450612636366548,
  "num_anc": 0,
  "s": 1.9526352667099252,
  "t": 0.6972756395913425,
  "tune_init_std": 0.1,
  "tune_lr": 0
}