{
  "A": 7.576121975045091,
  "a": 27.750521330436612,
  "b": 15.603861386461219,
  "deph_p": 1,
  "gamma": 0.7018530357018025,
  "num_anc": 0,
  "s": 2.51676037030127,
  "t": 1.4644372608804561,
  "tune_init_std": 0.1,
  "tune_lr": 0
}