{
  "A": 1.7210624320432544,
  "a": 49.85568499099463,
  "b": 49.016025458462536,
  "deph_p": 0,
  "gamma": 0.40125253051519394,
  "num_anc": 0,
  "s": 0.8389221969991922,
  "t": 2.5498278541490436,
  "tune_init_std": 1,
  "tune_lr": 0
}