{
  "A": 4.928667417982544,
  "a": 17.208214006400983,
  "b": 12.82028472911545,
  "deph_p": 1,
  "gamma": 0.4810261923280312,
  "num_anc": 0,
  "s": 2.9857197137289067,
  "t": 1.5531691659621065,
  "tune_init_std": 0.1,
  "tune_lr": 0
}