{
  "A": 1.0,
  "a": 13.890791759816684,
  "b": 33.40423263748079,
  "deph_p": 0,
  "gamma": 0.40923246649419825,
  "num_anc": 0,
  "s": 3.8338284025727014,
  "t": 1.8395184492633263,
  "tune_init_std": 1,
  "tune_lr": 0
}