{
  "A": 7.415779396552787,
  "a": 17.776336249539458,
  "b": 3.6801930992007286,
  "deph_p": 1,
  "gamma": 0.6221381035220087,
  "num_anc": 0,
  "s": 1.4147924729408414,
  "t": 0.7936402106026794,
  "tune_init_std": 0.1,
  "tune_lr": 0
}