{
  "A": 5.71528273153192,
  "a": 12.10233628829772,
  "b": 19.232080010324108,
  "deph_p": 1,
  "gamma": 0.936631598321014,
  "num_anc": 0,
  "s": 3.020718430798045,
  "t": 1.2722002257470386,
  "tune_init_std": 0.1,
  "tune_lr": 0
}