{
  "A": 10.0,
  "a": 1.0,
  "b": 1.0,
  "deph_p": 1,
  "gamma": 0.3431658568581095,
  "num_anc": 1,
  "s": 0.6649475134885702,
  "t": 0.5370507990366633,
  "tune_init_std": 0.1,
  "tune_lr": 0
}