{
  "A": 1.0,
  "a": 20.421620737364158,
  "b": 20.992739560651103,
  "deph_p": 1,
  "gamma": 0.0,
  "num_anc": 1,
  "s": 5.0,
  "t": 0.7041133283074379,
  "tune_init_std": 0.1,
  "tune_lr": 0
}