{
  "A": 4.34083807002753,
  "a": 3.4644029745832086,
  "b": 44.03751809429377,
  "deph_p": 0,
  "gamma": 0.5396574037149549,
  "num_anc": 1,
  "s": 1.8799261841922998,
  "t": 2.4903171714395285,
  "tune_init_std": 0.1,
  "tune_lr": 0
}