{
  "A": 6.50742934923619,
  "a": 14.618012336082757,
  "b": 35.91944892145693,
  "deph_p": 0,
  "gamma": 0.1734970062971115,
  "num_anc": 0,
  "s": 2.9242282127961516,
  "t": 2.1714670211076736,
  "tune_init_std": 1,
  "tune_lr": 0
}