{
  "A": 6.854791851796866,
  "a": 21.521158692858247,
  "b": 6.4004021959283035,
  "deph_p": 1,
  "gamma": 0.6189942339253421,
  "num_anc": 0,
  "s": 2.177612354560651,
  "t": 1.1159071061566197,
  "tune_init_std": 0.1,
  "tune_lr": 0
}