{
  "A": 4.333697199821472,
  "a": 23.05717831850052,
  "b": 23.724265724420547,
  "deph_p": 0,
  "gamma": 0.9772979617118835,
  "num_anc": 0,
  "s": 4.304150640964508,
  "t": 2.117913544178009,
  "tune_init_std": 1,
  "tune_lr": 0
}