{
  "A": 4.006934004320404,
  "a": 1.0,
  "b": 1.4459454322054093,
  "deph_p": 1,
  "gamma": 0.5827141945989616,
  "num_anc": 0,
  "s": 3.3880604385265785,
  "t": 1.2982869707363187,
  "tune_init_std": 0.1,
  "tune_lr": 0
}