{
  "A": 8.10435631876029,
  "a": 30.16181582392436,
  "b": 16.692746210507675,
  "deph_p": 1,
  "gamma": 0.6289417243007976,
  "num_anc": 0,
  "s": 2.2880494212942324,
  "t": 0.97738223529359,
  "tune_init_std": 0.1,
  "tune_lr": 0
}