{
  "A": 3,
  "a": 8,
  "b": 47,
  "deph_p": 0,
  "gamma": 0.662522284353982,
  "num_anc": 0,
  "s": 4.546602010393911,
  "t": 0.7763399448000508,
  "tune_init_std": 1,
  "tune_lr": 0
}