{
  "A": 10.0,
  "a": 1.0,
  "b": 1.0,
  "deph_p": 1,
  "gamma": 0.1817432432326884,
  "num_anc": 1,
  "s": 0.8391993989044767,
  "t": 0.8260580891867131,
  "tune_init_std": 0.1,
  "tune_lr": 0
}