{
  "A": 1.4410707233473659,
  "a": 42.21106880903244,
  "b": 7.634093409404159,
  "deph_p": 1,
  "gamma": 0.5204503759741783,
  "num_anc": 0,
  "s": 1.0740475775673985,
  "t": 2.4177817264571786,
  "tune_init_std": 0.1,
  "tune_lr": 0
}