{
  "A": 8.22143560089171,
  "a": 47.19946833886206,
  "b": 5.87440921459347,
  "deph_p": 0,
  "gamma": 0.20805259328335524,
  "num_anc": 0,
  "s": 4.607163621112704,
  "t": 0.07160887587815523,
  "tune_init_std": 1,
  "tune_lr": 0
}