{
  "A": 4,
  "a": 33,
  "b": 24,
  "deph_p": 0,
  "gamma": 0.8985541885270792,
  "num_anc": 0,
  "s": 0.42069982497524416,
  "t": 0.4848861422838413,
  "tune_init_std": 1,
  "tune_lr": 0
}