{
  "A": 4.363006007857621,
  "a": 31.108917254954576,
  "b": 18.361567871645093,
  "deph_p": 1,
  "gamma": 0.6533273197710514,
  "num_anc": 1,
  "s": 2.024523331783712,
  "t": 1.67363188136369,
  "tune_init_std": 0.1,
  "tune_lr": 0
}