{
  "A": 1.2853493025475018,
  "a": 13.999740814830924,
  "b": 30.284594990201548,
  "deph_p": 0,
  "gamma": 0.3431615136132336,
  "num_anc": 0,
  "s": 3.4216722984996406,
  "t": 1.9455337900857952,
  "tune_init_std": 1,
  "tune_lr": 0
}