{
  "A": 8.606253487883393,
  "a": 23.972060493535597,
  "b": 29.178608764224006,
  "deph_p": 0,
  "gamma": 0.6499378495518867,
  "num_anc": 1,
  "s": 2.544000105202211,
  "t": 0.8893871164127141,
  "tune_init_std": 0.1,
  "tune_lr": 0
}