{
  "A": 6.390950491651893,
  "a": 48.40362000465393,
  "b": 2.036693421192467,
  "deph_p": 0,
  "gamma": 0.5510372743010521,
  "num_anc": 0,
  "s": 2.685472615994513,
  "t": 1.4245283547788858,
  "tune_init_std": 1,
  "tune_lr": 0
}