{
  "A": 6,
  "a": 44,
  "b": 26,
  "deph_p": 0,
  "gamma": 0.7616196153287176,
  "num_anc": 0,
  "s": 1.2102763575575022,
  "t": 2.0164066422176354,
  "tune_init_std": 1,
  "tune_lr": 0
}