{
  "A": 4.126055492712874,
  "a": 33.16260733227457,
  "b": 11.993569842368148,
  "deph_p": 1,
  "gamma": 0.9189353790083488,
  "num_anc": 0,
  "s": 3.2160216139833606,
  "t": 2.223137419058912,
  "tune_init_std": 0.1,
  "tune_lr": 0
}