{
  "A": 6.802811631932855,
  "a": 5.337316889315844,
  "b": 39.23223922215402,
  "deph_p": 1,
  "gamma": 0.3894721809774637,
  "num_anc": 0,
  "s": 1.4313602773472667,
  "t": 0.1547850351780653,
  "tune_init_std": 0.1,
  "tune_lr": 0
}