{
  "A": 5.728106592912799,
  "a": 10.732876948124725,
  "b": 1.0,
  "deph_p": 0,
  "gamma": 0.0028677020230047853,
  "num_anc": 1,
  "s": 5.0,
  "t": 1.6828303813118044,
  "tune_init_std": 0.1,
  "tune_lr": 0
}