{
  "A": 8.467459353093869,
  "a": 26.34295382804511,
  "b": 25.00456186099427,
  "deph_p": 0,
  "gamma": 0.6365058572593975,
  "num_anc": 1,
  "s": 2.599870916182572,
  "t": 1.4753986529940963,
  "tune_init_std": 0.1,
  "tune_lr": 0
}