{
  "A": 10.0,
  "a": 1.0,
  "b": 50.0,
  "deph_p": 1,
  "gamma": 0.2148815965220243,
  "num_anc": 1,
  "s": 3.701132602328298,
  "t": 3.0,
  "tune_init_std": 0.1,
  "tune_lr": 0
}