{
  "A": 5,
  "a": 38,
  "b": 2,
  "deph_p": 0,
  "gamma": 0.007066305219717406,
  "num_anc": 0,
  "s": 3.0874075481385828,
  "t": 1.8349594814648427,
  "tune_init_std": 1,
  "tune_lr": 0
}