{
  "A": 3.796449730400642,
  "a": 18.43325645851901,
  "b": 33.793133543143036,
  "deph_p": 0,
  "gamma": 0.29666475518357177,
  "num_anc": 0,
  "s": 2.829415166261065,
  "t": 1.7260314428357826,
  "tune_init_std": 1,
  "tune_lr": 0
}