{
  "A": 3.3056587784456997,
  "a": 2.7407026117373445,
  "b": 25.115192722515996,
  "deph_p": 0,
  "gamma": 0.4809151380893802,
  "num_anc": 0,
  "s": 2.5295289951644104,
  "t": 1.5288741681563551,
  "tune_init_std": 1,
  "tune_lr": 0
}