{
  "A": 4.692312422428723,
  "a": 49.94670086191248,
  "b": 6.702390673930765,
  "deph_p": 1,
  "gamma": 1.0,
  "num_anc": 0,
  "s": 2.566960550252988,
  "t": 2.171640937554132,
  "tune_init_std": 0.1,
  "tune_lr": 0
}