{
  "A": 6,
  "a": 22,
  "b": 46,
  "deph_p": 0,
  "gamma": 0.906098787718554,
  "num_anc": 0,
  "s": 4.894464291375045,
  "t": 1.4602264588783653,
  "tune_init_std": 1,
  "tune_lr": 0
}