{
  "A": 10.0,
  "a": 1.0,
  "b": 1.0,
  "deph_p": 1,
  "gamma": 0.2208711767937723,
  "num_anc": 1,
  "s": 0.1631637575672164,
  "t": 0.5751899734940547,
  "tune_init_std": 0.1,
  "tune_lr": 0
}