{
  "A": 8,
  "a": 39,
  "b": 29,
  "deph_p": 0,
  "gamma": 0.15599452033620265,
  "num_anc": 1,
  "s": 2.993292420985183,
  "t": 0.46805592132730955,
  "tune_init_std": 0.01,
  "tune_lr": 0.005
}