{
  "A": 3,
  "a": 9,
  "b": 41,
  "deph_p": 0,
  "gamma": 0.8563242918780924,
  "num_anc": 0,
  "s": 3.5017891498638565,
  "t": 2.539983426714918,
  "tune_init_std": 1,
  "tune_lr": 0
}