{
  "A": 3,
  "a": 30,
  "b": 42,
  "deph_p": 0,
  "gamma": 0.9821683433294356,
  "num_anc": 0,
  "s": 1.1427501089864984,
  "t": 0.5248647812878086,
  "tune_init_std": 1,
  "tune_lr": 0
}