{
  "A": 8.384077315577036,
  "a": 24.6613977702191,
  "b": 5.9550261313798725,
  "deph_p": 1,
  "gamma": 0.6622050113194959,
  "num_anc": 0,
  "s": 2.251342074563093,
  "t": 1.0786899338100127,
  "tune_init_std": 0.1,
  "tune_lr": 0
}