{
  "A": 10.0,
  "a": 1.0,
  "b": 42.05575552293116,
  "deph_p": 1,
  "gamma": 0.23977497433734357,
  "num_anc": 1,
  "s": 5.0,
  "t": 3.0,
  "tune_init_std": 0.1,
  "tune_lr": 0
}