{
  "A": 8,
  "a": 24,
  "b": 36,
  "deph_p": 0,
  "gamma": 0.9699098521619943,
  "num_anc": 0,
  "s": 3.540362888980227,
  "t": 0.06175348288740734,
  "tune_init_std": 1,
  "tune_lr": 0
}