{
  "A": 2.2000372195616364,
  "a": 35.10727865528315,
  "b": 46.12539001740515,
  "deph_p": 0,
  "gamma": 0.6859163520857692,
  "num_anc": 0,
  "s": 1.463763634674251,
  "t": 1.2844722205772996,
  "tune_init_std": 1,
  "tune_lr": 0
}