{
  "A": 6.837734454252696,
  "a": 12.125094836027618,
  "b": 27.796903509019103,
  "deph_p": 0,
  "gamma": 0.18572253143739786,
  "num_anc": 0,
  "s": 2.8682822787676705,
  "t": 2.5879869879482795,
  "tune_init_std": 1,
  "tune_lr": 0
}