{
  "A": 5.1407673883536456,
  "a": 18.547403805638677,
  "b": 9.88985318858185,
  "deph_p": 1,
  "gamma": 0.36887249987425114,
  "num_anc": 0,
  "s": 4.007630380423764,
  "t": 1.1822541414441436,
  "tune_init_std": 0.1,
  "tune_lr": 0
}