{
  "A": 1.0,
  "a": 14.512057455912567,
  "b": 22.90117308620278,
  "deph_p": 0,
  "gamma": 0.34175574173737455,
  "num_anc": 0,
  "s": 2.954981564012284,
  "t": 1.9589169370085546,
  "tune_init_std": 1,
  "tune_lr": 0
}