{
  "A": 7.2891264653979055,
  "a": 18.11092081511837,
  "b": 1.0,
  "deph_p": 0,
  "gamma": 0.245911776887174,
  "num_anc": 1,
  "s": 4.268687475415967,
  "t": 1.8019353409448264,
  "tune_init_std": 0.1,
  "tune_lr": 0
}