{
  "A": 8.974996877196256,
  "a": 1.0,
  "b": 1.0,
  "deph_p": 1,
  "gamma": 0.30036613374143684,
  "num_anc": 1,
  "s": 1.3915776839385938,
  "t": 0.22547994253507778,
  "tune_init_std": 0.1,
  "tune_lr": 0
}