{
  "A": 3,
  "a": 26,
  "b": 3,
  "deph_p": 0,
  "gamma": 0.940523264489604,
  "num_anc": 0,
  "s": 1.7433299364586468,
  "t": 0.2885296532742623,
  "tune_init_std": 1,
  "tune_lr": 0
}