{
  "A": 3.6988496207358232,
  "a": 8.83840061861057,
  "b": 27.48025636190761,
  "deph_p": 0,
  "gamma": 0.33681275511870373,
  "num_anc": 0,
  "s": 2.7044030851203793,
  "t": 1.5548584093538589,
  "tune_init_std": 1,
  "tune_lr": 0
}