{
  "A": 7.936338590813887,
  "a": 26.785499077622788,
  "b": 27.800708950897143,
  "deph_p": 0,
  "gamma": 0.47472006269533046,
  "num_anc": 1,
  "s": 2.587235633591081,
  "t": 1.2831955468609373,
  "tune_init_std": 0.1,
  "tune_lr": 0
}