{
  "A": 5.763331468846605,
  "a": 13.919563694204339,
  "b": 10.268564421287987,
  "deph_p": 1,
  "gamma": 0.5375951104796642,
  "num_anc": 0,
  "s": 1.7776315245131515,
  "t": 1.1715012626820132,
  "tune_init_std": 0.1,
  "tune_lr": 0
}