{
  "A": 1.0,
  "a": 10.566600951145801,
  "b": 33.474233214625954,
  "deph_p": 0,
  "gamma": 1.0,
  "num_anc": 1,
  "s": 3.3066366213407044,
  "t": 2.7913968048665057,
  "tune_init_std": 0.1,
  "tune_lr": 0
}