{
  "A": 7.82337743985836,
  "a": 35.284791644451005,
  "b": 14.11918997416228,
  "deph_p": 0,
  "gamma": 1.0,
  "num_anc": 1,
  "s": 1.311552873234349,
  "t": 0.5047562610954687,
  "tune_init_std": 0.1,
  "tune_lr": 0
}