{
  "A": 1.4703285098068828,
  "a": 4.613178144298358,
  "b": 24.93911310228549,
  "deph_p": 0,
  "gamma": 0.5246092079027215,
  "num_anc": 0,
  "s": 2.0851188812930967,
  "t": 1.399957659483856,
  "tune_init_std": 1,
  "tune_lr": 0
}