{
  "A": 6.2493269939043135,
  "a": 23.212361443967435,
  "b": 3.538963348908835,
  "deph_p": 1,
  "gamma": 0.46896001957109246,
  "num_anc": 0,
  "s": 1.9065030948077324,
  "t": 0.9260509463814517,
  "tune_init_std": 0.1,
  "tune_lr": 0
}