{
  "A": 9.103510462002285,
  "a": 26.239424543145873,
  "b": 25.82327172094808,
  "deph_p": 0,
  "gamma": 0.5894899284075353,
  "num_anc": 1,
  "s": 2.522471254226267,
  "t": 1.2894899374701279,
  "tune_init_std": 0.1,
  "tune_lr": 0
}