{
  "A": 8.503590268082917,
  "a": 13.285340141505003,
  "b": 28.4965187786147,
  "deph_p": 0,
  "gamma": 0.7274044519290328,
  "num_anc": 1,
  "s": 0.9303719876334071,
  "t": 0.3216407150030136,
  "tune_init_std": 0.1,
  "tune_lr": 0
}