{
  "A": 6,
  "a": 2,
  "b": 2,
  "deph_p": 0,
  "gamma": 0.6343513447013638,
  "num_anc": 0,
  "s": 0.16525366450274193,
  "t": 1.0352137440800488,
  "tune_init_std": 1,
  "tune_lr": 0
}