{
  "A": 4.012690978124738,
  "a": 39.437141966074705,
  "b": 13.852938741445541,
  "deph_p": 1,
  "gamma": 0.9663906320929527,
  "num_anc": 0,
  "s": 2.7967375284060836,
  "t": 2.5255829449743032,
  "tune_init_std": 0.1,
  "tune_lr": 0
}