{
  "A": 10.0,
  "a": 1.0,
  "b": 50.0,
  "deph_p": 1,
  "gamma": 0.12972704374235172,
  "num_anc": 1,
  "s": 5.0,
  "t": 2.0488954374808688,
  "tune_init_std": 0.1,
  "tune_lr": 0
}