{
  "A": 4.944946187016868,
  "a": 50.0,
  "b": 1.0,
  "deph_p": 0,
  "gamma": 0.5027196885831967,
  "num_anc": 0,
  "s": 2.567791500786826,
  "t": 1.1433238394949012,
  "tune_init_std": 1,
  "tune_lr": 0
}