{
  "A": 4.75810735997986,
  "a": 16.963554307341926,
  "b": 44.26470126520425,
  "deph_p": 0,
  "gamma": 0.8932733617194125,
  "num_anc": 0,
  "s": 4.231376149459807,
  "t": 0.41321141047998133,
  "tune_init_std": 1,
  "tune_lr": 0
}