{
  "A": 7.404023056104216,
  "a": 25.286151283676787,
  "b": 29.13036104500076,
  "deph_p": 0,
  "gamma": 0.6122339162318333,
  "num_anc": 1,
  "s": 2.55772329923863,
  "t": 1.2869871244562459,
  "tune_init_std": 0.1,
  "tune_lr": 0
}