{
  "A": 1.1235665697604418,
  "a": 13.600953518413007,
  "b": 23.98072023782879,
  "deph_p": 0,
  "gamma": 0.3705763155594468,
  "num_anc": 0,
  "s": 3.7005551671609282,
  "t": 1.740244989283383,
  "tune_init_std": 1,
  "tune_lr": 0
}