{
  "A": 7.610193707805084,
  "a": 3.2370284017736384,
  "b": 50.0,
  "deph_p": 1,
  "gamma": 0.3229298720306368,
  "num_anc": 1,
  "s": 0.0,
  "t": 1.4839391714403405,
  "tune_init_std": 0.1,
  "tune_lr": 0
}