{
  "A": 8.343946581268021,
  "a": 22.334743609328253,
  "b": 29.5833659675865,
  "deph_p": 0,
  "gamma": 0.5984247048067507,
  "num_anc": 1,
  "s": 2.4901945011158246,
  "t": 1.2097511949029338,
  "tune_init_std": 0.1,
  "tune_lr": 0
}