{
  "A": 7.58766391861927,
  "a": 30.48645823038417,
  "b": 33.62238858987847,
  "deph_p": 0,
  "gamma": 0.6065841846530615,
  "num_anc": 1,
  "s": 2.7597458148593224,
  "t": 0.9924500617494072,
  "tune_init_std": 0.1,
  "tune_lr": 0
}