{
  "A": 7.678695425494608,
  "a": 24.393783314495693,
  "b": 27.273593198331742,
  "deph_p": 0,
  "gamma": 0.24950175084612802,
  "num_anc": 1,
  "s": 2.6390570985123007,
  "t": 0.7626643918078647,
  "tune_init_std": 0.1,
  "tune_lr": 0
}