{
  "A": 10.0,
  "a": 9.852151369333134,
  "b": 50.0,
  "deph_p": 1,
  "gamma": 0.22240099924201576,
  "num_anc": 1,
  "s": 5.0,
  "t": 3.0,
  "tune_init_std": 0.1,
  "tune_lr": 0
}