{
  "A": 6.552201150916517,
  "a": 43.299833186902106,
  "b": 19.395511065609753,
  "deph_p": 0,
  "gamma": 0.1565727684646845,
  "num_anc": 0,
  "s": 1.7281975829973817,
  "t": 1.6408518450334668,
  "tune_init_std": 1,
  "tune_lr": 0
}