{
  "A": 7.43006906437865,
  "a": 21.582849214971716,
  "b": 17.62615367253017,
  "deph_p": 1,
  "gamma": 0.4429269765554133,
  "num_anc": 1,
  "s": 1.810756215861968,
  "t": 0.0,
  "tune_init_std": 0.1,
  "tune_lr": 0
}