{
  "A": 8.994974427144061,
  "a": 30.947165840423093,
  "b": 31.238093761157618,
  "deph_p": 0,
  "gamma": 0.6558471347544779,
  "num_anc": 1,
  "s": 2.764202232283801,
  "t": 0.939834234893421,
  "tune_init_std": 0.1,
  "tune_lr": 0
}