{
  "A": 8.19360490325793,
  "a": 17.139195091383232,
  "b": 27.750456806903703,
  "deph_p": 0,
  "gamma": 0.5005020306073732,
  "num_anc": 1,
  "s": 2.691446042829015,
  "t": 0.9064848496573195,
  "tune_init_std": 0.1,
  "tune_lr": 0
}