{
  "A": 2.91986784012116,
  "a": 11.972299294414071,
  "b": 20.55132636060822,
  "deph_p": 0,
  "gamma": 0.4004455621188455,
  "num_anc": 0,
  "s": 2.8998255993568236,
  "t": 1.5557463070144348,
  "tune_init_std": 1,
  "tune_lr": 0
}