{
  "A": 1.3423110401512455,
  "a": 15.37253029107525,
  "b": 29.110535814534778,
  "deph_p": 0,
  "gamma": 0.3248493172340907,
  "num_anc": 0,
  "s": 3.759449720393176,
  "t": 2.004836475501077,
  "tune_init_std": 1,
  "tune_lr": 0
}