{
  "A": 3.818922834470868,
  "a": 27.787047225050628,
  "b": 34.13677715137601,
  "deph_p": 1,
  "gamma": 0.17248783353716135,
  "num_anc": 1,
  "s": 4.836922874674201,
  "t": 0.49469086714088917,
  "tune_init_std": 0.1,
  "tune_lr": 0
}