{
  "A": 7.949642777908153,
  "a": 24.58045604545069,
  "b": 6.175686508032325,
  "deph_p": 1,
  "gamma": 0.7519882270035179,
  "num_anc": 0,
  "s": 2.109194977801613,
  "t": 1.4222793189366647,
  "tune_init_std": 0.1,
  "tune_lr": 0
}