{
  "A": 9.126617691168779,
  "a": 22.92615345252479,
  "b": 31.668935688481845,
  "deph_p": 0,
  "gamma": 0.5488442485223841,
  "num_anc": 1,
  "s": 2.542520758949816,
  "t": 1.192676902202022,
  "tune_init_std": 0.1,
  "tune_lr": 0
}