{
  "A": 9,
  "a": 35,
  "b": 16,
  "deph_p": 0,
  "gamma": 0.4938937151834346,
  "num_anc": 0,
  "s": 0.8796262633867269,
  "t": 0.0542260908465626,
  "tune_init_std": 1,
  "tune_lr": 0
}