{
  "A": 8.702702260576189,
  "a": 49.84169550426304,
  "b": 8.139854108914733,
  "deph_p": 1,
  "gamma": 0.4305370068177581,
  "num_anc": 1,
  "s": 1.7134906630963087,
  "t": 0.26683215145021677,
  "tune_init_std": 0.1,
  "tune_lr": 0
}