{
  "A": 8.717790680503004,
  "a": 25.081694622538294,
  "b": 28.31516519577074,
  "deph_p": 0,
  "gamma": 0.4873508481374735,
  "num_anc": 1,
  "s": 2.491463462949285,
  "t": 1.2588625605429589,
  "tune_init_std": 0.1,
  "tune_lr": 0
}