{
  "A": 1.5990524822846055,
  "a": 34.712559395469725,
  "b": 27.74751402065158,
  "deph_p": 0,
  "gamma": 0.977202907204628,
  "num_anc": 0,
  "s": 1.4271518122404814,
  "t": 1.7208181461319327,
  "tune_init_std": 1,
  "tune_lr": 0
}