{
  "A": 9.35078891464517,
  "a": 20.957581705677885,
  "b": 30.955415448989637,
  "deph_p": 0,
  "gamma": 0.3709585275345148,
  "num_anc": 1,
  "s": 2.7706872441679313,
  "t": 1.3672225200592996,
  "tune_init_std": 0.1,
  "tune_lr": 0
}