{
  "A": 10.0,
  "a": 1.0,
  "b": 1.0,
  "deph_p": 1,
  "gamma": 0.25119779751068194,
  "num_anc": 1,
  "s": 0.6786751690333057,
  "t": 0.5598393283731649,
  "tune_init_std": 0.1,
  "tune_lr": 0
}