{
  "A": 4.252338135091712,
  "a": 25.262553811626898,
  "b": 10.035604618732282,
  "deph_p": 1,
  "gamma": 0.4908460020788255,
  "num_anc": 0,
  "s": 2.875993123260845,
  "t": 1.6520316836005144,
  "tune_init_std": 0.1,
  "tune_lr": 0
}