{
  "A": 1.0,
  "a": 14.170239726234103,
  "b": 24.34493178025233,
  "deph_p": 0,
  "gamma": 0.34888534140652205,
  "num_anc": 0,
  "s": 4.263038169387742,
  "t": 2.1198317751056646,
  "tune_init_std": 1,
  "tune_lr": 0
}