{
  "A": 9,
  "a": 7,
  "b": 21,
  "deph_p": 0,
  "gamma": 0.9656320330745594,
  "num_anc": 0,
  "s": 0.3252579649263976,
  "t": 2.84665661176,
  "tune_init_std": 1,
  "tune_lr": 0
}