{
  "A": 1.0480729649586724,
  "a": 15.328311687023367,
  "b": 14.950510558681325,
  "deph_p": 0,
  "gamma": 0.43838923559069837,
  "num_anc": 0,
  "s": 3.0253812041538675,
  "t": 1.741879275446549,
  "tune_init_std": 1,
  "tune_lr": 0
}