{
  "A": 10.0,
  "a": 1.0,
  "b": 1.0,
  "deph_p": 1,
  "gamma": 0.3314594122864804,
  "num_anc": 1,
  "s": 1.0765338714836783,
  "t": 0.2175573081898902,
  "tune_init_std": 0.1,
  "tune_lr": 0
}