{
  "A": 9.486564744263887,
  "a": 33.38573534693569,
  "b": 13.433969647623599,
  "deph_p": 1,
  "gamma": 0.7470793882384896,
  "num_anc": 1,
  "s": 2.137729679234326,
  "t": 1.4170229835435748,
  "tune_init_std": 0.1,
  "tune_lr": 0
}