{
  "A": 6.053406085842034,
  "a": 19.71531541281171,
  "b": 6.892863521984096,
  "deph_p": 1,
  "gamma": 0.6880136528807306,
  "num_anc": 0,
  "s": 2.629393291755768,
  "t": 0.749132991274307,
  "tune_init_std": 0.1,
  "tune_lr": 0
}