{
  "A": 5.791838878447462,
  "a": 10.84814813951741,
  "b": 5.155770091130206,
  "deph_p": 0,
  "gamma": 0.06558544448954652,
  "num_anc": 1,
  "s": 3.8521789988710555,
  "t": 1.8480907772200181,
  "tune_init_std": 0.1,
  "tune_lr": 0
}