{
  "A": 5,
  "a": 9,
  "b": 26,
  "deph_p": 0,
  "gamma": 0.6832635188254582,
  "num_anc": 0,
  "s": 1.1544691281107449,
  "t": 0.7230763980780351,
  "tune_init_std": 1,
  "tune_lr": 0
}