{
  "A": 8.016863685146571,
  "a": 1.0,
  "b": 50.0,
  "deph_p": 1,
  "gamma": 0.16558781605231596,
  "num_anc": 1,
  "s": 5.0,
  "t": 3.0,
  "tune_init_std": 0.1,
  "tune_lr": 0
}