{
  "A": 9.586504779341462,
  "a": 25.416989589047684,
  "b": 27.864118469791936,
  "deph_p": 0,
  "gamma": 0.6720362494107207,
  "num_anc": 1,
  "s": 2.5630030085499778,
  "t": 1.2090079614608682,
  "tune_init_std": 0.1,
  "tune_lr": 0
}