{
  "A": 1.0,
  "a": 16.464211857560997,
  "b": 24.601635450292978,
  "deph_p": 0,
  "gamma": 0.2758792424038119,
  "num_anc": 0,
  "s": 3.54563384990295,
  "t": 1.589376593316815,
  "tune_init_std": 1,
  "tune_lr": 0
}