{
  "A": 4.155869340524077,
  "a": 22.750731650739908,
  "b": 43.37378046568483,
  "deph_p": 0,
  "gamma": 0.6114442348480225,
  "num_anc": 0,
  "s": 3.3069240814074874,
  "t": 0.04349145479500294,
  "tune_init_std": 1,
  "tune_lr": 0
}