{
  "A": 8.098787359116834,
  "a": 12.952548659444775,
  "b": 9.374835799485517,
  "deph_p": 1,
  "gamma": 0.7640840778870056,
  "num_anc": 0,
  "s": 2.610822678795814,
  "t": 1.320543344354266,
  "tune_init_std": 0.1,
  "tune_lr": 0
}