{
  "A": 8.322454452703399,
  "a": 30.12179047352126,
  "b": 29.418772491622537,
  "deph_p": 0,
  "gamma": 0.4882864183376749,
  "num_anc": 1,
  "s": 2.538611817545493,
  "t": 0.9785453982103025,
  "tune_init_std": 0.1,
  "tune_lr": 0
}