{
  "A": 8,
  "a": 39,
  "b": 18,
  "deph_p": 0,
  "gamma": 0.11347352124058907,
  "num_anc": 0,
  "s": 0.6876047207299663,
  "t": 1.0231990531507755,
  "tune_init_std": 1,
  "tune_lr": 0
}