{
  "A": 8.620036539344024,
  "a": 24.578348686523114,
  "b": 29.272975779586275,
  "deph_p": 0,
  "gamma": 0.5745566358303256,
  "num_anc": 1,
  "s": 2.6517177777007155,
  "t": 1.0919220420039055,
  "tune_init_std": 0.1,
  "tune_lr": 0
}