{
  "A": 2.0951889181094168,
  "a": 7.062230349044022,
  "b": 24.766192886514126,
  "deph_p": 0,
  "gamma": 0.4243526886880403,
  "num_anc": 0,
  "s": 2.248617344853482,
  "t": 1.3276041822226423,
  "tune_init_std": 1,
  "tune_lr": 0
}