{
  "A": 7.795861071906984,
  "a": 36.01134245283902,
  "b": 46.28581096418202,
  "deph_p": 0,
  "gamma": 0.907648210413754,
  "num_anc": 1,
  "s": 2.254703133367002,
  "t": 0.1343515980988741,
  "tune_init_std": 0.1,
  "tune_lr": 0
}