{
  "A": 7.030167821794748,
  "a": 43.85882912389934,
  "b": 39.69305981416255,
  "deph_p": 0,
  "gamma": 0.5321327112615108,
  "num_anc": 0,
  "s": 4.072575778700411,
  "t": 2.2839992428198457,
  "tune_init_std": 1,
  "tune_lr": 0
}