{
  "A": 3.074541726304568,
  "a": 50.0,
  "b": 50.0,
  "deph_p": 0,
  "gamma": 0.33062091132844224,
  "num_anc": 0,
  "s": 0.6528315388984705,
  "t": 3.0,
  "tune_init_std": 1,
  "tune_lr": 0
}