{
  "A": 8.846658720738741,
  "a": 8.194322871011078,
  "b": 1.0,
  "deph_p": 1,
  "gamma": 0.7368196626686012,
  "num_anc": 1,
  "s": 1.0767726565846347,
  "t": 2.4803675795247457,
  "tune_init_std": 0.1,
  "tune_lr": 0
}