{
  "A": 3,
  "a": 47,
  "b": 14,
  "deph_p": 0,
  "gamma": 0.770967179954561,
  "num_anc": 0,
  "s": 3.803925243084487,
  "t": 1.6838315927084886,
  "tune_init_std": 1,
  "tune_lr": 0
}