{
  "A": 6.480007094063431,
  "a": 23.87173550137955,
  "b": 14.083274888362928,
  "deph_p": 1,
  "gamma": 0.5835400474523409,
  "num_anc": 0,
  "s": 2.5282635298595277,
  "t": 1.2739540778262954,
  "tune_init_std": 0.1,
  "tune_lr": 0
}