{
  "A": 5.199136572889984,
  "a": 21.26419038977474,
  "b": 5.617232439108193,
  "deph_p": 0,
  "gamma": 0.027209138497710228,
  "num_anc": 0,
  "s": 2.5131514063104987,
  "t": 1.8161496128886938,
  "tune_init_std": 1,
  "tune_lr": 0
}