{
  "A": 8.617706776181308,
  "a": 27.190491576673534,
  "b": 26.853622327934676,
  "deph_p": 0,
  "gamma": 0.54779187692644,
  "num_anc": 1,
  "s": 2.424974660984311,
  "t": 1.2302351816072095,
  "tune_init_std": 0.1,
  "tune_lr": 0
}