{
  "A": 4.064001440244736,
  "a": 39.91406637344415,
  "b": 16.98440381192989,
  "deph_p": 1,
  "gamma": 0.9999054457968548,
  "num_anc": 0,
  "s": 3.09398523634953,
  "t": 2.6417197364259115,
  "tune_init_std": 0.1,
  "tune_lr": 0
}