{
  "A": 6.753113109465783,
  "a": 28.099463226775917,
  "b": 13.010323264147859,
  "deph_p": 1,
  "gamma": 0.6950734106024867,
  "num_anc": 0,
  "s": 2.3568824732377083,
  "t": 1.1361485871567913,
  "tune_init_std": 0.1,
  "tune_lr": 0
}