{
  "A": 6.513415532081861,
  "a": 22.706412497927204,
  "b": 23.438335517105102,
  "deph_p": 1,
  "gamma": 0.7347578811600429,
  "num_anc": 0,
  "s": 2.1868136621881913,
  "t": 1.228141414676227,
  "tune_init_std": 0.1,
  "tune_lr": 0
}