{
  "A": 8.16876596770973,
  "a": 28.591687827048588,
  "b": 3.360761592618579,
  "deph_p": 1,
  "gamma": 0.4601455852324306,
  "num_anc": 0,
  "s": 2.1821119378984006,
  "t": 1.198599949656301,
  "tune_init_std": 0.1,
  "tune_lr": 0
}