{
  "A": 3.6951222267831727,
  "a": 6.5486931620640165,
  "b": 23.371988855903403,
  "deph_p": 0,
  "gamma": 0.4860687698200685,
  "num_anc": 0,
  "s": 2.7471248568847892,
  "t": 1.144195195541799,
  "tune_init_std": 1,
  "tune_lr": 0
}