{
  "A": 7.379132547276538,
  "a": 24.155185581129498,
  "b": 14.450902265171466,
  "deph_p": 1,
  "gamma": 0.4257569261619209,
  "num_anc": 0,
  "s": 2.3875053333487335,
  "t": 0.9588005790522685,
  "tune_init_std": 0.1,
  "tune_lr": 0
}