{
  "A": 9,
  "a": 35,
  "b": 48,
  "deph_p": 0,
  "gamma": 0.16080805141749865,
  "num_anc": 0,
  "s": 3.317508845540279,
  "t": 0.01518475153865606,
  "tune_init_std": 1,
  "tune_lr": 0
}