{
  "A": 7.770629241439504,
  "a": 22.708817131569973,
  "b": 16.803942829152874,
  "deph_p": 1,
  "gamma": 0.49930499257028393,
  "num_anc": 0,
  "s": 1.7671903957687696,
  "t": 1.4807494761894495,
  "tune_init_std": 0.1,
  "tune_lr": 0
}