{
  "A": 3.174603406085201,
  "a": 32.96879517119939,
  "b": 18.376934490001993,
  "deph_p": 1,
  "gamma": 0.30589469338071157,
  "num_anc": 1,
  "s": 1.8780912562863528,
  "t": 1.648391208880951,
  "tune_init_std": 0.1,
  "tune_lr": 0
}