{
  "A": 1.7095083724707365,
  "a": 30.62911678198725,
  "b": 8.550452045165002,
  "deph_p": 1,
  "gamma": 0.9598674457520247,
  "num_anc": 0,
  "s": 0.9745635464787483,
  "t": 1.9564343160018325,
  "tune_init_std": 0.1,
  "tune_lr": 0
}