{
  "A": 8.018085355181416,
  "a": 20.530597747905148,
  "b": 26.644304142254093,
  "deph_p": 0,
  "gamma": 0.7225980758944869,
  "num_anc": 1,
  "s": 2.7047999802622487,
  "t": 1.3580030832160332,
  "tune_init_std": 0.1,
  "tune_lr": 0
}