{
  "A": 6.6329716090112925,
  "a": 9.26946460455656,
  "b": 45.12859040684998,
  "deph_p": 0,
  "gamma": 0.6481151515617967,
  "num_anc": 1,
  "s": 0.1884228177368641,
  "t": 0.7759501654654741,
  "tune_init_std": 0.1,
  "tune_lr": 0
}