{
  "A": 5,
  "a": 38,
  "b": 24,
  "deph_p": 0,
  "gamma": 0.5357746840747585,
  "num_anc": 0,
  "s": 3.1615291529678973,
  "t": 1.900589132282684,
  "tune_init_std": 1,
  "tune_lr": 0
}