{
  "A": 9.440244972705841,
  "a": 47.6443327665329,
  "b": 21.563340097665787,
  "deph_p": 1,
  "gamma": 0.5417638421058655,
  "num_anc": 1,
  "s": 3.622981607913971,
  "t": 1.288433164358139,
  "tune_init_std": 0.1,
  "tune_lr": 0
}