{
  "A": 8.310611935134691,
  "a": 17.950265725589638,
  "b": 8.284502482033131,
  "deph_p": 1,
  "gamma": 0.8775043312648656,
  "num_anc": 0,
  "s": 1.1456606470028667,
  "t": 0.6323612032798269,
  "tune_init_std": 0.1,
  "tune_lr": 0
}