{
  "A": 6.137252184562385,
  "a": 5.233623337931931,
  "b": 13.288559950888157,
  "deph_p": 1,
  "gamma": 0.571377987973392,
  "num_anc": 1,
  "s": 2.5817402405664325,
  "t": 1.9559905836358666,
  "tune_init_std": 0.1,
  "tune_lr": 0
}