{
  "A": 5.655539498664439,
  "a": 19.26559388358146,
  "b": 41.75325682852417,
  "deph_p": 1,
  "gamma": 0.5138110108673573,
  "num_anc": 1,
  "s": 0.7939414540305734,
  "t": 1.310374366119504,
  "tune_init_std": 0.1,
  "tune_lr": 0
}