{
  "A": 4.481214098592476,
  "a": 11.91701884253005,
  "b": 8.592221956695555,
  "deph_p": 1,
  "gamma": 0.7007308695172128,
  "num_anc": 0,
  "s": 3.3631464037553793,
  "t": 1.1464589034972315,
  "tune_init_std": 0.1,
  "tune_lr": 0
}