{
  "A": 10.0,
  "a": 1.0,
  "b": 1.0,
  "deph_p": 1,
  "gamma": 0.22829970349127418,
  "num_anc": 1,
  "s": 0.8424124925055048,
  "t": 0.2528546737379365,
  "tune_init_std": 0.1,
  "tune_lr": 0
}