{
  "A": 1.8433894197459135,
  "a": 47.81156780706181,
  "b": 4.981298299667795,
  "deph_p": 1,
  "gamma": 0.3065959597334813,
  "num_anc": 1,
  "s": 1.3965585104519183,
  "t": 2.4119718519212707,
  "tune_init_std": 0.1,
  "tune_lr": 0
}