{
  "A": 5.5316828554050765,
  "a": 25.060805867936363,
  "b": 21.65482633171288,
  "deph_p": 1,
  "gamma": 0.6968864293422574,
  "num_anc": 0,
  "s": 2.722263500139151,
  "t": 1.7230190956098215,
  "tune_init_std": 0.1,
  "tune_lr": 0
}