{
  "A": 5.6174144560425665,
  "a": 18.322870060021184,
  "b": 16.21072345100601,
  "deph_p": 1,
  "gamma": 0.530403115421199,
  "num_anc": 0,
  "s": 4.099572767499456,
  "t": 1.6640034629820584,
  "tune_init_std": 0.1,
  "tune_lr": 0
}