{
  "A": 2.148197828414107,
  "a": 3.411844766116892,
  "b": 31.917157739531252,
  "deph_p": 0,
  "gamma": 1.0,
  "num_anc": 1,
  "s": 3.0923985507564273,
  "t": 3.0,
  "tune_init_std": 0.1,
  "tune_lr": 0
}