{
  "A": 8.865412528763493,
  "a": 34.681894460267436,
  "b": 28.764292791365172,
  "deph_p": 0,
  "gamma": 0.29782695594319647,
  "num_anc": 1,
  "s": 2.6646815297272934,
  "t": 0.892919688380288,
  "tune_init_std": 0.1,
  "tune_lr": 0
}