{
  "A": 1.850960500042477,
  "a": 18.881490103013732,
  "b": 24.73623310222752,
  "deph_p": 0,
  "gamma": 0.43168663749660424,
  "num_anc": 0,
  "s": 3.6961435529727735,
  "t": 1.8137760812428008,
  "tune_init_std": 1,
  "tune_lr": 0
}