{
  "A": 8.514045158401132,
  "a": 41.433753221295774,
  "b": 24.004978605546057,
  "deph_p": 0,
  "gamma": 0.33395429607480764,
  "num_anc": 1,
  "s": 1.2570575717836618,
  "t": 1.7273606965318322,
  "tune_init_std": 0.1,
  "tune_lr": 0
}