{
  "A": 6,
  "a": 24,
  "b": 15,
  "deph_p": 0,
  "gamma": 0.4038361710580408,
  "num_anc": 0,
  "s": 1.093821097865351,
  "t": 1.6743060060520234,
  "tune_init_std": 1,
  "tune_lr": 0
}