{
  "A": 5.054937303066254,
  "a": 34.014166831970215,
  "b": 43.09363281726837,
  "deph_p": 0,
  "gamma": 0.17514877021312714,
  "num_anc": 0,
  "s": 0.7787448167800903,
  "t": 1.5231828689575195,
  "tune_init_std": 1,
  "tune_lr": 0
}