{
  "A": 7.4348323019221425,
  "a": 4.445446620695293,
  "b": 8.245943852700293,
  "deph_p": 1,
  "gamma": 0.5729961087927222,
  "num_anc": 0,
  "s": 2.2831757273525,
  "t": 2.010597137734294,
  "tune_init_std": 0.1,
  "tune_lr": 0
}