{
  "A": 1.0,
  "a": 9.963043010775452,
  "b": 29.878820531059528,
  "deph_p": 0,
  "gamma": 1.0,
  "num_anc": 1,
  "s": 2.2940621904310623,
  "t": 2.5826994565817327,
  "tune_init_std": 0.1,
  "tune_lr": 0
}