{
  "A": 1,
  "a": 21,
  "b": 30,
  "deph_p": 0,
  "gamma": 0.1952429877980445,
  "num_anc": 0,
  "s": 2.8845194231317954,
  "t": 1.4775530814565916,
  "tune_init_std": 1,
  "tune_lr": 0
}