{
  "A": 5.265141922980547,
  "a": 16.60163939371705,
  "b": 7.623701496981084,
  "deph_p": 1,
  "gamma": 0.6913848202675581,
  "num_anc": 0,
  "s": 3.208982194773853,
  "t": 0.872602921910584,
  "tune_init_std": 0.1,
  "tune_lr": 0
}