{
  "A": 5.279641803427519,
  "a": 19.556896839545285,
  "b": 3.96506708023645,
  "deph_p": 1,
  "gamma": 0.7457013597925846,
  "num_anc": 0,
  "s": 3.7421359197996558,
  "t": 0.6499462806767131,
  "tune_init_std": 0.1,
  "tune_lr": 0
}