{
  "A": 2.7077410946850318,
  "a": 6.740539999120477,
  "b": 23.273027961362644,
  "deph_p": 0,
  "gamma": 0.47339305931967207,
  "num_anc": 0,
  "s": 2.6611178562532705,
  "t": 1.7245971723879707,
  "tune_init_std": 1,
  "tune_lr": 0
}