{
  "A": 8.958797954574912,
  "a": 32.819272452662425,
  "b": 26.263848818920536,
  "deph_p": 0,
  "gamma": 0.5074291149148414,
  "num_anc": 1,
  "s": 2.4942039209219162,
  "t": 1.0776812082657943,
  "tune_init_std": 0.1,
  "tune_lr": 0
}