{
  "A": 8,
  "a": 36,
  "b": 14,
  "deph_p": 0,
  "gamma": 0.9611720243493491,
  "num_anc": 0,
  "s": 2.852219872026997,
  "t": 1.562502780077471,
  "tune_init_std": 1,
  "tune_lr": 0
}