{
  "A": 8.14502873733406,
  "a": 24.561154003251993,
  "b": 27.091710648752766,
  "deph_p": 0,
  "gamma": 0.49124829374273393,
  "num_anc": 1,
  "s": 2.4367538704794893,
  "t": 1.38150102014253,
  "tune_init_std": 0.1,
  "tune_lr": 0
}