{
  "A": 6.62241462057662,
  "a": 29.7763556640044,
  "b": 15.137710431599903,
  "deph_p": 1,
  "gamma": 0.4992351374564131,
  "num_anc": 0,
  "s": 2.0767764199391627,
  "t": 1.342048441016764,
  "tune_init_std": 0.1,
  "tune_lr": 0
}