{
  "A": 10.0,
  "a": 1.0,
  "b": 9.692866524365897,
  "deph_p": 1,
  "gamma": 0.26146764700984493,
  "num_anc": 1,
  "s": 0.7999579338938707,
  "t": 0.3122937155481982,
  "tune_init_std": 0.1,
  "tune_lr": 0
}