{
  "A": 5.524393605750175,
  "a": 38.85552670846917,
  "b": 23.917309577896155,
  "deph_p": 0,
  "gamma": 0.25796831461239095,
  "num_anc": 0,
  "s": 2.429497655364034,
  "t": 1.4438973102178607,
  "tune_init_std": 1,
  "tune_lr": 0
}