{
  "A": 7.771957040764391,
  "a": 1.0940071074292064,
  "b": 29.11794773954898,
  "deph_p": 1,
  "gamma": 0.3260115161538124,
  "num_anc": 0,
  "s": 3.128163730725646,
  "t": 0.807568752206862,
  "tune_init_std": 0.1,
  "tune_lr": 0
}