{
  "A": 2.2503945706412196,
  "a": 30.951988101005554,
  "b": 20.284086820669472,
  "deph_p": 0,
  "gamma": 0.6606143796816468,
  "num_anc": 0,
  "s": 1.8721382226794958,
  "t": 0.8790065702050924,
  "tune_init_std": 1,
  "tune_lr": 0
}