{
  "A": 4,
  "a": 6,
  "b": 42,
  "deph_p": 0,
  "gamma": 0.7751328233611146,
  "num_anc": 0,
  "s": 0.9242722776276352,
  "t": 2.9087538832936755,
  "tune_init_std": 1,
  "tune_lr": 0
}