{
  "A": 10.0,
  "a": 1.0,
  "b": 37.36056577396675,
  "deph_p": 1,
  "gamma": 0.5000233246644138,
  "num_anc": 1,
  "s": 5.0,
  "t": 3.0,
  "tune_init_std": 0.1,
  "tune_lr": 0
}