{
  "A": 1.0,
  "a": 6.038787353714939,
  "b": 22.50455399156604,
  "deph_p": 0,
  "gamma": 0.34001333490280833,
  "num_anc": 0,
  "s": 3.724810002553486,
  "t": 1.7099608683243857,
  "tune_init_std": 1,
  "tune_lr": 0
}