{
  "A": 4.899624315439789,
  "a": 38.797602690803274,
  "b": 39.92212661288195,
  "deph_p": 1,
  "gamma": 0.44950490862656367,
  "num_anc": 1,
  "s": 2.5832085678723398,
  "t": 0.6553868537070024,
  "tune_init_std": 0.1,
  "tune_lr": 0
}