{
  "A": 5,
  "a": 45,
  "b": 18,
  "deph_p": 0,
  "gamma": 0.6070342476866847,
  "num_anc": 0,
  "s": 2.9337558283192413,
  "t": 2.895765921792414,
  "tune_init_std": 1,
  "tune_lr": 0
}