{
  "A": 5.493720062482361,
  "a": 2.435851029869793,
  "b": 23.62332670779532,
  "deph_p": 0,
  "gamma": 0.4744590726777362,
  "num_anc": 0,
  "s": 2.2999397962635117,
  "t": 1.7432781298044393,
  "tune_init_std": 1,
  "tune_lr": 0
}