{
  "A": 8.632159548436658,
  "a": 33.60481990739034,
  "b": 30.521179246724397,
  "deph_p": 0,
  "gamma": 0.32766150660551485,
  "num_anc": 1,
  "s": 2.6819651319799416,
  "t": 1.445065181078923,
  "tune_init_std": 0.1,
  "tune_lr": 0
}