{
  "A": 7.562396452347552,
  "a": 22.72804320822524,
  "b": 7.831743189161225,
  "deph_p": 1,
  "gamma": 0.42973237742230597,
  "num_anc": 0,
  "s": 1.8818702863750125,
  "t": 1.128059282105031,
  "tune_init_std": 0.1,
  "tune_lr": 0
}