{
  "A": 5.523689907044172,
  "a": 33.46490895189345,
  "b": 9.884145455434918,
  "deph_p": 1,
  "gamma": 0.5293800160288811,
  "num_anc": 1,
  "s": 3.7676272774115205,
  "t": 0.25452957674860954,
  "tune_init_std": 0.1,
  "tune_lr": 0
}