{
  "A": 5.652171934954822,
  "a": 19.615437152795494,
  "b": 36.90731962583959,
  "deph_p": 0,
  "gamma": 0.3223282340914011,
  "num_anc": 0,
  "s": 1.5791983110830188,
  "t": 0.5107739204540849,
  "tune_init_std": 1,
  "tune_lr": 0
}