{
  "A": 2.0976514364588237,
  "a": 10.75086183056321,
  "b": 31.333169790348272,
  "deph_p": 0,
  "gamma": 0.4868965040237788,
  "num_anc": 0,
  "s": 2.779706129527573,
  "t": 1.867080157605991,
  "tune_init_std": 1,
  "tune_lr": 0
}